elu,sigle,parti,ordre,suffrages,id,liste_id,nom,photoUrl,sexe
1,PLR,LIBÉRAUX-RADICAUX,1,27217,10015,104,MAUDET Pierre,MAUDET_Pierre.jpg,0
1,PLR,LIBÉRAUX-RADICAUX,2,24573,10018,104,FONTANET Nathalie,FONTANET_Nathalie.jpg,1
1,PLR,LIBÉRAUX-RADICAUX,3,22379,10019,104,DE SENARCLENS Alexandre,DE_SENARCLENS_Alexandre.jpg,0
1,PLR,LIBÉRAUX-RADICAUX,4,21876,10220,104,HILTPOLD Serge,HILTPOLD_Serge.jpg,0
1,PLR,LIBÉRAUX-RADICAUX,5,21682,10202,104,DE MONTMOLLIN Simone,DE_MONTMOLLIN_Simone.jpg,1
1,PLR,LIBÉRAUX-RADICAUX,6,21627,10203,104,MOREL Philippe,MOREL_Philippe.jpg,0
1,PLR,LIBÉRAUX-RADICAUX,7,21499,10205,104,SAUDAN Patrick,SAUDAN_Patrick.jpg,0
1,PLR,LIBÉRAUX-RADICAUX,8,21415,10212,104,AELLEN Cyril,AELLEN_Cyril.jpg,0
1,PLR,LIBÉRAUX-RADICAUX,9,21164,10217,104,DE CANDOLLE Beatriz,DE_CANDOLLE_Beatriz.jpg,1
1,PLR,LIBÉRAUX-RADICAUX,10,21132,10209,104,WICKY Raymond,WICKY_Raymond.jpg,0
1,PLR,LIBÉRAUX-RADICAUX,11,21107,10208,104,VUILLOD Georges,VUILLOD_Georges.jpg,0
1,PLR,LIBÉRAUX-RADICAUX,12,21026,10204,104,PUTALLAZ Jean (Jean ROMAIN),PUTALLAZ_Jean.jpg,0
1,PLR,LIBÉRAUX-RADICAUX,13,21021,10215,104,BARDE Antoine,BARDE_Antoine.jpg,0
1,PLR,LIBÉRAUX-RADICAUX,14,20921,10264,104,GENECAND Adrien,GENECAND_Adrien.jpg,0
1,PLR,LIBÉRAUX-RADICAUX,15,20918,10213,104,ALDER Murat Julian,ALDER_Murat_Julian.jpg,0
1,PLR,LIBÉRAUX-RADICAUX,16,20892,10218,104,CONNE Pierre,CONNE_Pierre.jpg,0
1,PLR,LIBÉRAUX-RADICAUX,17,20889,10216,104,BÉNÉ Jacques,BENE_Jacques.jpg,0
1,PLR,LIBÉRAUX-RADICAUX,18,20542,10247,104,BARBIER-MUELLER Diane,BARBIER-MUELLER_Diane.jpg,1
1,PLR,LIBÉRAUX-RADICAUX,19,20522,10210,104,ZUBER Céline (ROY),ZUBER_Celine.jpg,1
1,PLR,LIBÉRAUX-RADICAUX,20,20506,10229,104,DE PLANTA Francine,DE_PLANTA_Francine.jpg,1
1,PLR,LIBÉRAUX-RADICAUX,21,20445,10211,104,ZWEIFEL Yvan,ZWEIFEL_Yvan.jpg,0
1,PLR,LIBÉRAUX-RADICAUX,22,20430,10219,104,CUENDET Edouard,CUENDET_Edouard.jpg,0
1,PLR,LIBÉRAUX-RADICAUX,23,20406,10222,104,MONBARON Fabienne (MONBARON-STRESS),MONBARON_Fabienne.jpg,1
1,PLR,LIBÉRAUX-RADICAUX,24,20335,10243,104,WOLFISBERG François,WOLFISBERG_Francois.jpg,0
1,PLR,LIBÉRAUX-RADICAUX,25,20319,10241,104,WAVRE Rolin,WAVRE_Rolin.jpg,0
1,PLR,LIBÉRAUX-RADICAUX,26,20309,10206,104,SELLEGER Charles,SELLEGER_Charles.jpg,0
1,PLR,LIBÉRAUX-RADICAUX,27,20173,10224,104,NICOLLIER Pierre,NICOLLIER_Pierre.jpg,0
1,PLR,LIBÉRAUX-RADICAUX,28,20147,10270,104,KÄMPFEN Véronique,KAMPFEN_Veronique.jpg,1
0,PLR,LIBÉRAUX-RADICAUX,29,20110,10214,104,BARBEY Alexis,BARBEY_Alexis.jpg,0
0,PLR,LIBÉRAUX-RADICAUX,30,20095,10253,104,BRANDT Simon,BRANDT_Simon.jpg,0
0,PLR,LIBÉRAUX-RADICAUX,31,20051,10239,104,SUBILIA Vincent,SUBILIA_Vincent.jpg,0
0,PLR,LIBÉRAUX-RADICAUX,32,20046,10245,104,APOTHÉLOZ Jacques,APOTHELOZ_Jacques.jpg,0
0,PLR,LIBÉRAUX-RADICAUX,33,20022,10268,104,JAY Sylvie,JAY_Sylvie.jpg,1
0,PLR,LIBÉRAUX-RADICAUX,34,20018,10261,104,DESFAYES Natacha (BUFFET-DESFAYES),DESFAYES_Natacha.jpg,1
0,PLR,LIBÉRAUX-RADICAUX,35,20008,10263,104,FISS Joëlle,FISS_Joelle.jpg,1
0,PLR,LIBÉRAUX-RADICAUX,35,20008,10221,104,MALEK-ASGHAR Patrick,MALEK-ASGHAR_Patrick.jpg,0
0,PLR,LIBÉRAUX-RADICAUX,37,19993,10227,104,PASQUIER Jean-Pierre,PASQUIER_Jean-Pierre.jpg,0
0,PLR,LIBÉRAUX-RADICAUX,38,19952,10231,104,RIGOTTI Maria (Helena),RIGOTTI_Maria.jpg,1
0,PLR,LIBÉRAUX-RADICAUX,39,19949,10207,104,UEHLINGER Pascal,UEHLINGER_Pascal.jpg,0
0,PLR,LIBÉRAUX-RADICAUX,40,19925,10256,104,BURRI Rémy,BURRI_Remy.jpg,0
0,PLR,LIBÉRAUX-RADICAUX,41,19918,10228,104,PATEK Serge,PATEK_Serge.jpg,0
0,PLR,LIBÉRAUX-RADICAUX,42,19914,10276,104,MEYER Philippe,MEYER_Philippe.jpg,0
0,PLR,LIBÉRAUX-RADICAUX,43,19902,10235,104,SENGLET Christophe,SENGLET_Christophe.jpg,0
0,PLR,LIBÉRAUX-RADICAUX,44,19899,10266,104,GRAND Eric,GRAND_Eric.jpg,0
0,PLR,LIBÉRAUX-RADICAUX,45,19895,10252,104,BOUVIER Christine,BOUVIER_Christine.jpg,1
0,PLR,LIBÉRAUX-RADICAUX,46,19857,10260,104,DÉROBERT Thierry,DEROBERT_Thierry.jpg,0
0,PLR,LIBÉRAUX-RADICAUX,47,19855,10226,104,ORSINI Antoine,ORSINI_Antoine.jpg,0
0,PLR,LIBÉRAUX-RADICAUX,48,19848,10249,104,BERSIER Julie,BERSIER_Julie.jpg,1
0,PLR,LIBÉRAUX-RADICAUX,49,19845,10271,104,LÄMMEL Valérie (LAEMMEL-JUILLARD),LAMMEL_Valerie.jpg,1
0,PLR,LIBÉRAUX-RADICAUX,50,19790,10236,104,SERRANO Philippe,SERRANO_Philippe.jpg,0
0,PLR,LIBÉRAUX-RADICAUX,51,19760,10232,104,ROULLET Michèle,ROULLET_Michele.jpg,1
0,PLR,LIBÉRAUX-RADICAUX,52,19757,10238,104,STEINER Matthieu,STEINER_Matthieu.jpg,0
0,PLR,LIBÉRAUX-RADICAUX,53,19728,10233,104,SCHALLER Vincent,SCHALLER_Vincent.jpg,0
0,PLR,LIBÉRAUX-RADICAUX,54,19722,10254,104,BRON Gilles-Olivier,BRON_Gilles-Olivier.jpg,0
0,PLR,LIBÉRAUX-RADICAUX,55,19698,10273,104,LOCHER Jean,LOCHER_Jean.jpg,0
0,PLR,LIBÉRAUX-RADICAUX,56,19670,10242,104,WICKI Guy,WICKI_Guy.jpg,0
0,PLR,LIBÉRAUX-RADICAUX,57,19656,10251,104,BÖHLER Frances (BÖHLER-GOODSHIP Elizabeth),BOHLER_Frances.jpg,1
0,PLR,LIBÉRAUX-RADICAUX,58,19653,10234,104,SCHNEEBELI Roland-Daniel,SCHNEEBELI_Roland-Daniel.jpg,0
0,PLR,LIBÉRAUX-RADICAUX,59,19643,10259,104,DAHER Vincent,DAHER_Vincent.jpg,0
0,PLR,LIBÉRAUX-RADICAUX,60,19641,10225,104,OPPLIGER Danielle,OPPLIGER_Danielle.jpg,1
0,PLR,LIBÉRAUX-RADICAUX,61,19639,10237,104,SOMMER Monika,SOMMER_Monika.jpg,1
0,PLR,LIBÉRAUX-RADICAUX,62,19604,10223,104,MORAND Louise,MORAND_Louise.jpg,1
0,PLR,LIBÉRAUX-RADICAUX,63,19599,10240,104,TSCHOPP Laurent,TSCHOPP_Laurent.jpg,0
0,PLR,LIBÉRAUX-RADICAUX,64,19597,10272,104,LEISER Jean-Marc,LEISER_Jean-Marc.jpg,0
0,PLR,LIBÉRAUX-RADICAUX,65,19575,10244,104,AGRAMUNT Gian-Reto,AGRAMUNT_Gian-Reto.jpg,0
0,PLR,LIBÉRAUX-RADICAUX,66,19560,10274,104,LUZZATTO Christine,LUZZATTO_Christine.jpg,1
0,PLR,LIBÉRAUX-RADICAUX,67,19557,10267,104,GROGNUZ Fabien,GROGNUZ_Fabien.jpg,0
0,PLR,LIBÉRAUX-RADICAUX,68,19525,10618,104,HARDYN Nathalie,HARDYN_Nathalie.jpg,1
0,PLR,LIBÉRAUX-RADICAUX,69,19510,10246,104,AUBERT Nicolas,AUBERT_Nicolas.jpg,0
0,PLR,LIBÉRAUX-RADICAUX,70,19479,10258,104,CREFFIELD Conrad,CREFFIELD_Conrad.jpg,0
0,PLR,LIBÉRAUX-RADICAUX,71,19418,10275,104,MESSERLI Marie-Claire,MESSERLI_Marie-Claire.jpg,1
0,PLR,LIBÉRAUX-RADICAUX,72,19399,10255,104,BRUNEL Mayori,BRUNEL_Mayori.jpg,1
0,PLR,LIBÉRAUX-RADICAUX,73,19391,10265,104,GIACOBINO Donata (GIACOBINO-FROIDEVAUX Nadia),GIACOBINO_Donata.jpg,1
0,PLR,LIBÉRAUX-RADICAUX,74,19367,10349,104,TABOADA Francisco,TABOADA_Francisco.jpg,0
0,PLR,LIBÉRAUX-RADICAUX,75,19344,10250,104,BLANCH Richard-Pascal (Pascal),BLANCH_Richard-Pascal.jpg,0
0,PLR,LIBÉRAUX-RADICAUX,76,19304,10269,104,JUD Philippe,JUD_Philippe.jpg,0
0,PLR,LIBÉRAUX-RADICAUX,77,19213,10262,104,DOUZALS Jacques,DOUZALS_Jacques.jpg,0
0,PLR,LIBÉRAUX-RADICAUX,78,19197,10257,104,CORNU Renate,CORNU_Renate.jpg,1
0,PLR,LIBÉRAUX-RADICAUX,79,19185,10230,104,RANA ZOLANA Ginior,RANA_ZOLANA_Ginior.jpg,0
0,PLR,LIBÉRAUX-RADICAUX,80,19171,10248,104,BELLINGERI Stefano Vito,BELLINGERI_Stefano_Vito.jpg,0
1,SOC,LES SOCIALISTES,1,18113,10006,103,APOTHÉLOZ Thierry,APOTHELOZ_Thierry.jpg,0
1,VERT,LES VERTS,1,17137,10008,102,HODGERS Antonio,HODGERS_Antonio.jpg,0
1,SOC,LES SOCIALISTES,2,16565,10005,103,EMERY-TORRACINTA Anne,EMERY-TORRACINTA_Anne.jpg,1
1,SOC,LES SOCIALISTES,3,16452,10152,103,KAST Carole-Anne,KAST_Carole-Anne.jpg,1
1,SOC,LES SOCIALISTES,4,16330,10007,103,SALERNO Sandrine,SALERNO_Sandrine.jpg,1
1,SOC,LES SOCIALISTES,5,14925,10154,103,MARTI Caroline,MARTI_Caroline.jpg,1
1,PDC,DÉMOCRATE-CHRÉTIEN,1,14406,10016,105,DAL BUSCO Serge,DAL_BUSCO_Serge.jpg,0
1,SOC,LES SOCIALISTES,6,14339,10157,103,DANDRÈS Christian,DANDRES_Christian.jpg,0
1,SOC,LES SOCIALISTES,7,14246,10165,103,RIELLE Jean Charles,RIELLE_Jean_Charles.jpg,0
1,VERT,LES VERTS,2,14167,10010,102,ROCHAT Yvan,ROCHAT_Yvan.jpg,0
1,MCG,MCG,1,14131,10012,111,POGGIA Mauro,POGGIA_Mauro.jpg,0
1,SOC,LES SOCIALISTES,8,14020,10151,103,DE SAINTE-MARIE Romain,DE_SAINTE-MARIE_Romain.jpg,0
1,SOC,LES SOCIALISTES,9,13678,10153,103,WENGER Thomas,WENGER_Thomas.jpg,0
1,SOC,LES SOCIALISTES,10,13557,10159,103,CARASSO Grégoire,CARASSO_Gregoire.jpg,0
1,SOC,LES SOCIALISTES,11,13532,10164,103,VALIQUER GRECUCCIO Nicole,VALIQUER_GRECUCCIO_Nicole.jpg,1
1,SOC,LES SOCIALISTES,12,13467,10161,103,THÉVOZ Sylvain,THEVOZ_Sylvain.jpg,0
1,SOC,LES SOCIALISTES,13,13362,10185,103,VELASCO Alberto,VELASCO_Alberto.jpg,0
1,SOC,LES SOCIALISTES,14,13353,10156,103,MOYARD MIZRAHI Salima,MOYARD_MIZRAHI_Salima.jpg,1
1,VERT,LES VERTS,3,13234,10009,102,DE CHASTONAY Marjorie,DE_CHASTONAY_Marjorie.jpg,1
1,SOC,LES SOCIALISTES,15,13123,10167,103,MIZRAHI Cyril,MIZRAHI_Cyril.jpg,0
1,SOC,LES SOCIALISTES,16,12859,10162,103,CONTI Jennifer,CONTI_Jennifer.jpg,1
1,SOC,LES SOCIALISTES,17,12806,10160,103,SOBANEK Marion,SOBANEK_Marion.jpg,1
0,SOC,LES SOCIALISTES,18,12797,10170,103,STRASSER Léna,STRASSER_Lena.jpg,1
0,SOC,LES SOCIALISTES,19,12744,10155,103,BANDLER Marko,BANDLER_Marko.jpg,0
0,SOC,LES SOCIALISTES,20,12658,10175,103,ESTEBAN Diego,ESTEBAN_Diego.jpg,0
0,SOC,LES SOCIALISTES,21,12618,10174,103,OSMANI Xhevrie,OSMANI_Xhevrie.jpg,1
0,SOC,LES SOCIALISTES,22,12567,10163,103,STAUB Martin,STAUB_Martin.jpg,0
0,SOC,LES SOCIALISTES,23,12529,10166,103,GAVILANES Amanda,GAVILANES_Amanda.jpg,1
0,SOC,LES SOCIALISTES,24,12417,10188,103,DEONNA Emmanuel,DEONNA_Emmanuel.jpg,0
0,SOC,LES SOCIALISTES,25,12391,10158,103,VERISSIMO DE FREITAS Helena,VERISSIMO_DE_FREITAS_Helena.jpg,1
0,SOC,LES SOCIALISTES,26,12332,10173,103,MUSSA Ahmed (Youniss),MUSSA_Ahmed.jpg,0
0,SOC,LES SOCIALISTES,27,12331,10180,103,LÜTHI Badia,LUTHI_Badia.jpg,1
1,VERT,LES VERTS,4,12318,10079,102,PERLER Frédérique,PERLER_Frederique.jpg,1
0,SOC,LES SOCIALISTES,28,12260,10181,103,CLEMENCE Nicolas,CLEMENCE_Nicolas.jpg,0
0,SOC,LES SOCIALISTES,29,12187,10171,103,KOKOT Guilhem,KOKOT_Guilhem.jpg,0
0,SOC,LES SOCIALISTES,30,12180,10176,103,BAILLON Glenna,BAILLON_Glenna.jpg,1
0,SOC,LES SOCIALISTES,31,12169,10172,103,ROMANO Maria (Maria Vittoria),ROMANO_Maria.jpg,1
0,SOC,LES SOCIALISTES,32,12145,10168,103,CASARES Maria Jesus,CASARES_Maria_Jesus.jpg,1
0,SOC,LES SOCIALISTES,33,12129,10179,103,CHIARADONNA Denis,CHIARADONNA_Denis.jpg,0
0,SOC,LES SOCIALISTES,34,12028,10169,103,POMATTO Michel,POMATTO_Michel.jpg,0
0,SOC,LES SOCIALISTES,35,12026,10182,103,VATRE Patricia,VATRE_Patricia.jpg,1
0,SOC,LES SOCIALISTES,36,11946,10187,103,DE BATTISTA Regis,DE_BATTISTA_Regis.jpg,0
0,SOC,LES SOCIALISTES,37,11943,10189,103,TOMBOLA Jean-Pierre,TOMBOLA_Jean-Pierre.jpg,0
0,SOC,LES SOCIALISTES,38,11915,10184,103,VIRET Dora (Cécilia),VIRET_Dora.jpg,1
1,VERT,LES VERTS,5,11874,10081,102,LEFORT François,LEFORT_Francois.jpg,0
1,VERT,LES VERTS,6,11860,10080,102,BUSCHBECK Mathias,BUSCHBECK_Mathias.jpg,0
0,SOC,LES SOCIALISTES,39,11854,10195,103,ALONSO UNICA Manuel,ALONSO_UNICA_Manuel.jpg,0
0,SOC,LES SOCIALISTES,40,11840,10192,103,BARRY Thierno,BARRY_Thierno.jpg,0
0,SOC,LES SOCIALISTES,41,11828,10186,103,FABRE Michel,FABRE_Michel.jpg,0
0,SOC,LES SOCIALISTES,42,11826,10196,103,BALDINI Frédéric,BALDINI_Frederic.jpg,0
0,SOC,LES SOCIALISTES,43,11820,10178,103,BRANDRUP Gladys (ACOSTA BRANDRUP),BRANDRUP_Gladys.jpg,1
0,SOC,LES SOCIALISTES,44,11792,10199,103,BURKHARD Roland,BURKHARD_Roland.jpg,0
0,SOC,LES SOCIALISTES,45,11787,10193,103,HALIMI Hysri,HALIMI_Hysri.jpg,0
0,SOC,LES SOCIALISTES,46,11770,10197,103,BRUCHEZ Thomas,BRUCHEZ_Thomas.jpg,0
0,SOC,LES SOCIALISTES,47,11761,10190,103,KEEL Theo,KEEL_Theo.jpg,0
0,SOC,LES SOCIALISTES,48,11714,10200,103,BOSSHARD Pierre Yves,BOSSHARD_Pierre_Yves.jpg,0
0,SOC,LES SOCIALISTES,49,11699,10183,103,ZIMMERMANN Michel,ZIMMERMANN_Michel.jpg,0
0,SOC,LES SOCIALISTES,50,11540,10191,103,LAPALUD Patrick,LAPALUD_Patrick.jpg,0
0,SOC,LES SOCIALISTES,51,11527,10198,103,BENDA Benjamin,BENDA_Benjamin.jpg,0
1,VERT,LES VERTS,7,11514,10082,102,LEONELLI Katia,LEONELLI_Katia.jpg,1
0,SOC,LES SOCIALISTES,52,11503,10194,103,GAJARDO MUNOZ Jorge,GAJARDO_MUNOZ_Jorge.jpg,0
0,SOC,LES SOCIALISTES,53,11496,10201,103,KURTESHI Ismet,KURTESHI_Ismet.jpg,0
0,SOC,LES SOCIALISTES,54,11483,10177,103,EYA NCHAMA Cruz Melchor,EYA_NCHAMA_Cruz_Melchor.jpg,0
1,VERT,LES VERTS,8,11477,10092,102,POGET Philippe,POGET_Philippe.jpg,0
1,VERT,LES VERTS,9,11441,10091,102,PASQUIER Isabelle (PASQUIER-EICHENBERGER),PASQUIER_Isabelle.jpg,1
1,VERT,LES VERTS,10,11357,10138,102,ECKERT Pierre,ECKERT_Pierre.jpg,0
1,VERT,LES VERTS,11,11293,10100,102,SORDET Adrienne,SORDET_Adrienne.jpg,1
1,VERT,LES VERTS,12,11261,10085,102,MARTIN David,MARTIN_David.jpg,0
1,VERT,LES VERTS,13,11248,10148,102,KLOPFENSTEIN BROGGINI Delphine,KLOPFENSTEIN_BROGGINI_Delphine.jpg,1
1,VERT,LES VERTS,14,11150,10096,102,ROSSIAUD Jean,ROSSIAUD_Jean.jpg,0
1,VERT,LES VERTS,15,11063,10105,102,TSCHUDI Paloma,TSCHUDI_Paloma.jpg,1
0,VERT,LES VERTS,16,11054,10089,102,ORIOLO Alessandra,ORIOLO_Alessandra.jpg,1
0,VERT,LES VERTS,17,11032,10116,102,BAVAREL Christian,BAVAREL_Christian.jpg,0
0,VERT,LES VERTS,17,11032,10131,102,DE MATTEIS Yves,DE_MATTEIS_Yves.jpg,0
0,VERT,LES VERTS,19,10965,10124,102,CALAME Boris,CALAME_Boris.jpg,0
0,VERT,LES VERTS,20,10963,10114,102,BÄNZIGER Ruth,BANZIGER_Ruth.jpg,1
0,VERT,LES VERTS,20,10963,10090,102,OZTÜRK Dilara,OZTURK_Dilara.jpg,1
0,VERT,LES VERTS,22,10931,10118,102,BONNY Didier,BONNY_Didier.jpg,0
0,VERT,LES VERTS,23,10917,10142,102,GOMEZ Alfonso,GOMEZ_Alfonso.jpg,0
0,VERT,LES VERTS,24,10887,10099,102,SCHAUFELBERGER Esther,SCHAUFELBERGER_Esther.jpg,1
1,PDC,DÉMOCRATE-CHRÉTIEN,2,10882,10017,105,BARTHASSAT Luc,BARTHASSAT_Luc.jpg,0
0,VERT,LES VERTS,25,10833,10133,102,DESBIOLLES Sophie,DESBIOLLES_Sophie.jpg,1
0,VERT,LES VERTS,26,10829,10139,102,FISCHER Fabienne,FISCHER_Fabienne.jpg,1
0,VERT,LES VERTS,27,10799,10083,102,MACCHIAVELLI Marta (Marta Julia),MACCHIAVELLI_Marta.jpg,1
0,VERT,LES VERTS,28,10712,10132,102,DE ROUGEMONT Philippe,DE_ROUGEMONT_Philippe.jpg,0
0,VERT,LES VERTS,29,10699,10086,102,MÜLLER SONTAG Corinne,MULLER_SONTAG_Corinne.jpg,1
0,VERT,LES VERTS,30,10657,10119,102,BONVIN BONFANTI Anne,BONVIN_BONFANTI_Anne.jpg,1
0,VERT,LES VERTS,31,10652,10093,102,QUIJANO GARCIA Maria (Maria José),QUIJANO_GARCIA_Maria.jpg,1
0,VERT,LES VERTS,32,10648,10102,102,TCHAMKERTEN Jolanka,TCHAMKERTEN_Jolanka.jpg,1
0,VERT,LES VERTS,33,10634,10087,102,NICOLET-DIT-FELIX Julien,NICOLET-DIT-FELIX_Julien.jpg,0
0,VERT,LES VERTS,34,10600,10145,102,HEBERLEIN SIMONETT Claudia,HEBERLEIN_SIMONETT_Claudia.jpg,1
0,VERT,LES VERTS,35,10595,10084,102,MAKOSSO William,MAKOSSO_William.jpg,0
0,VERT,LES VERTS,36,10582,10095,102,ROGG Catharina (Olowine),ROGG_Catharina.jpg,1
0,VERT,LES VERTS,37,10578,10117,102,BOCCARD Damien (Damien Baptiste),BOCCARD_Damien.jpg,0
1,PDC,DÉMOCRATE-CHRÉTIEN,3,10559,10280,105,VON ARX-VERNON Anne-Marie,VON_ARX-VERNON_Anne-Marie.jpg,1
0,VERT,LES VERTS,38,10526,10104,102,TINGUELY Dominique,TINGUELY_Dominique.jpg,0
0,VERT,LES VERTS,39,10514,10106,102,VAN WOERDEN Wendy,VAN_WOERDEN_Wendy.jpg,1
0,VERT,LES VERTS,40,10505,10088,102,NOËL Philippe,NOEL_Philippe.jpg,0
0,VERT,LES VERTS,41,10502,10094,102,RODRIGUEZ Mario,RODRIGUEZ_Mario.jpg,0
0,VERT,LES VERTS,42,10497,10125,102,CALAME Fabrice,CALAME_Fabrice.jpg,0
0,VERT,LES VERTS,43,10489,10111,102,AMSELLEM Benedicte (AMSELLEM-OSSIPOW),AMSELLEM_Benedicte.jpg,1
0,VERT,LES VERTS,44,10482,10147,102,KHAMIS VANNINI Uzma,KHAMIS_VANNINI_Uzma.jpg,1
0,VERT,LES VERTS,45,10471,10110,102,AMATO Maurice,AMATO_Maurice.jpg,0
0,VERT,LES VERTS,46,10459,10103,102,TIGUEMOUNINE Sabine,TIGUEMOUNINE_Sabine.jpg,1
0,VERT,LES VERTS,47,10450,10616,102,DE MAIO Sara,DE_MAIO_Sara.jpg,1
0,VERT,LES VERTS,48,10448,10120,102,BUCHER Denis,BUCHER_Denis.jpg,0
0,VERT,LES VERTS,49,10443,10144,102,HARTMANN Esther,HARTMANN_Esther.jpg,1
0,VERT,LES VERTS,50,10429,10143,102,HAAS François,HAAS_Francois.jpg,0
0,VERT,LES VERTS,51,10427,10128,102,CORPATAUX Laurence,CORPATAUX_Laurence.jpg,1
1,PDC,DÉMOCRATE-CHRÉTIEN,4,10425,10277,105,BUCHS Bertrand,BUCHS_Bertrand.jpg,0
0,VERT,LES VERTS,52,10421,10126,102,CHAUDIEU Anne,CHAUDIEU_Anne.jpg,1
0,VERT,LES VERTS,53,10401,10122,102,BUI Aurore,BUI_Aurore.jpg,1
0,VERT,LES VERTS,54,10335,10127,102,CONCHA Celtia,CONCHA_Celtia.jpg,1
0,VERT,LES VERTS,55,10332,10098,102,SCHALK Antoine,SCHALK_Antoine.jpg,0
0,VERT,LES VERTS,56,10324,10108,102,WISARD PRADO Leyma,WISARD_PRADO_Leyma.jpg,1
0,VERT,LES VERTS,57,10291,10097,102,SAA BAUD Yubitza,SAA_BAUD_Yubitza.jpg,1
0,VERT,LES VERTS,58,10278,10150,102,LATOUR Sabine,LATOUR_Sabine.jpg,1
0,VERT,LES VERTS,59,10274,10109,102,YUNUS EBENER Mariam (Maryam),YUNUS_EBENER_Mariam.jpg,1
0,VERT,LES VERTS,60,10272,10134,102,DESCOMBES Isabelle,DESCOMBES_Isabelle.jpg,1
0,VERT,LES VERTS,61,10238,10112,102,ARDIZZONE Ivan,ARDIZZONE_Ivan.jpg,0
0,VERT,LES VERTS,62,10237,10115,102,BARCIELA VILLAR Ana,BARCIELA_VILLAR_Ana.jpg,1
0,VERT,LES VERTS,63,10210,10123,102,CABITZA Marina,CABITZA_Marina.jpg,1
0,VERT,LES VERTS,64,10188,10113,102,AZZABI Omar,AZZABI_Omar.jpg,0
0,VERT,LES VERTS,65,10169,10135,102,DUJOUX Valentin,DUJOUX_Valentin.jpg,0
0,VERT,LES VERTS,66,10153,10107,102,VEIGA ARIAS Damian (VEIGA LÖFFEL),VEIGA_ARIAS_Damian.jpg,0
0,VERT,LES VERTS,67,10151,10121,102,BUENZOD Christian,BUENZOD_Christian.jpg,0
0,VERT,LES VERTS,68,10114,10146,102,HERREN Yves,HERREN_Yves.jpg,0
0,VERT,LES VERTS,69,10112,10140,102,FREYMOND Pascal,FREYMOND_Pascal.jpg,0
0,VERT,LES VERTS,70,10096,10137,102,EBENER Christophe,EBENER_Christophe.jpg,0
0,VERT,LES VERTS,71,9978,10101,102,TALEGHANI Majid,TALEGHANI_Majid.jpg,0
0,VERT,LES VERTS,72,9961,10136,102,DUPUIS Renaud,DUPUIS_Renaud.jpg,0
0,VERT,LES VERTS,73,9954,10130,102,DE FELICE Nicolas,DE_FELICE_Nicolas.jpg,0
1,EAG,ENSEMBLE À GAUCHE,1,9923,10004,101,HALLER Jocelyne,HALLER_Jocelyne.jpg,1
0,VERT,LES VERTS,74,9895,10141,102,GEOFFROY Elias,GEOFFROY_Elias.jpg,0
0,VERT,LES VERTS,75,9877,10129,102,DALPHIN Marc,DALPHIN_Marc.jpg,0
0,VERT,LES VERTS,76,9804,10149,102,KÜNDIG Ralph,KUNDIG_Ralph.jpg,0
1,PDC,DÉMOCRATE-CHRÉTIEN,5,9713,10283,105,BLONDIN Jacques,BLONDIN_Jacques.jpg,0
1,PDC,DÉMOCRATE-CHRÉTIEN,6,9654,10282,105,BIDAUX Patricia (BIDAUX-RODRIGUEZ),BIDAUX_Patricia.jpg,1
1,UDC,UDC,1,9597,10350,106,NIDEGGER Yves,NIDEGGER_Yves.jpg,0
1,PDC,DÉMOCRATE-CHRÉTIEN,7,9585,10284,105,BOCQUET Claude,BOCQUET_Claude.jpg,1
1,PDC,DÉMOCRATE-CHRÉTIEN,8,9579,10315,105,MAITRE Vincent,MAITRE_Vincent.jpg,0
1,PDC,DÉMOCRATE-CHRÉTIEN,9,9557,10319,105,METTAN Guy,METTAN_Guy.jpg,0
1,MCG,MCG,2,9296,10486,111,GOLAY Roger,GOLAY_Roger.jpg,0
1,PDC,DÉMOCRATE-CHRÉTIEN,10,8939,10289,105,CERUTTI Olivier,CERUTTI_Olivier.jpg,0
1,EAG,ENSEMBLE À GAUCHE,2,8924,10001,101,PAGANI Rémy,PAGANI_Remy.jpg,0
1,PDC,DÉMOCRATE-CHRÉTIEN,11,8875,10307,105,GUINCHARD Jean-Marc,GUINCHARD_Jean-Marc.jpg,0
1,PDC,DÉMOCRATE-CHRÉTIEN,12,8842,10281,105,BACHMANN Delphine,BACHMANN_Delphine.jpg,1
0,PDC,DÉMOCRATE-CHRÉTIEN,13,8794,10310,105,LANCE François,LANCE_Francois.jpg,0
0,PDC,DÉMOCRATE-CHRÉTIEN,14,8714,10299,105,FORNI Jean-Luc,FORNI_Jean-Luc.jpg,0
1,MCG,MCG,3,8671,10013,111,ROCH Ana Belen,ROCH_Ana_Belen.jpg,1
0,PDC,DÉMOCRATE-CHRÉTIEN,15,8629,10317,105,MEISSNER REYFER Christine (Christina),MEISSNER_REYFER_Christine.jpg,1
0,PDC,DÉMOCRATE-CHRÉTIEN,16,8421,10333,105,SAYEGH Souheil,SAYEGH_Souheil.jpg,0
0,PDC,DÉMOCRATE-CHRÉTIEN,17,8336,10294,105,DESFAYES Sébastien,DESFAYES_Sebastien.jpg,0
0,PDC,DÉMOCRATE-CHRÉTIEN,18,8309,10313,105,MAGNIN Xavier,MAGNIN_Xavier.jpg,0
0,PDC,DÉMOCRATE-CHRÉTIEN,19,8306,10311,105,LATHION Jean Charles,LATHION_Jean_Charles.jpg,0
0,PDC,DÉMOCRATE-CHRÉTIEN,20,8274,10290,105,CHAKER MANGEAT Alia,CHAKER_MANGEAT_Alia.jpg,1
0,PDC,DÉMOCRATE-CHRÉTIEN,21,8221,10320,105,MEYER DE STADELHOFEN Philippe,MEYER_DE_STADELHOFEN_Philippe.jpg,0
0,PDC,DÉMOCRATE-CHRÉTIEN,22,8213,10331,105,RYS Alexandra,RYS_Alexandra.jpg,1
1,MCG,MCG,4,8201,10014,111,SORMANNI Daniel,SORMANNI_Daniel.jpg,0
0,PDC,DÉMOCRATE-CHRÉTIEN,23,8201,10279,105,ANGELOZZI Philippe,ANGELOZZI_Philippe.jpg,0
1,EAG,ENSEMBLE À GAUCHE,3,8157,10002,101,WENGER Saliha (Salika),WENGER_Saliha.jpg,1
0,PDC,DÉMOCRATE-CHRÉTIEN,24,8102,10278,105,AEBI Benjamin,AEBI_Benjamin.jpg,0
0,PDC,DÉMOCRATE-CHRÉTIEN,25,8091,10314,105,MAGNIN Yves,MAGNIN_Yves.jpg,0
0,PDC,DÉMOCRATE-CHRÉTIEN,26,8082,10306,105,GIORIA Gaëlle,GIORIA_Gaelle.jpg,1
1,MCG,MCG,5,8023,10487,111,CERUTTI Thierry,CERUTTI_Thierry.jpg,0
0,PDC,DÉMOCRATE-CHRÉTIEN,27,8007,10308,105,DE KALBERMATTEN Alain,DE_KALBERMATTEN_Alain.jpg,0
0,PDC,DÉMOCRATE-CHRÉTIEN,28,8000,10309,105,KUNZ Laurence,KUNZ_Laurence.jpg,1
0,PDC,DÉMOCRATE-CHRÉTIEN,29,7981,10288,105,CASUTT Martine,CASUTT_Martine.jpg,1
0,PDC,DÉMOCRATE-CHRÉTIEN,30,7954,10295,105,DULEX Christophe,DULEX_Christophe.jpg,0
1,UDC,UDC,2,7940,10353,106,LEYVRAZ Eric,LEYVRAZ_Eric.jpg,0
0,PDC,DÉMOCRATE-CHRÉTIEN,31,7930,10328,105,PUTALLAZ Thomas,PUTALLAZ_Thomas.jpg,0
0,PDC,DÉMOCRATE-CHRÉTIEN,32,7922,10335,105,SCHMIED Patrick,SCHMIED_Patrick.jpg,0
0,PDC,DÉMOCRATE-CHRÉTIEN,33,7879,10343,105,UONG Dinh Manh,UONG_Dinh_Manh.jpg,0
0,PDC,DÉMOCRATE-CHRÉTIEN,34,7870,10297,105,ENGELBERTS Marie-Thérèse (ENGELBERTS-LEONE),ENGELBERTS_Marie-Therese.jpg,1
0,PDC,DÉMOCRATE-CHRÉTIEN,35,7857,10285,105,BOURBALA Djamel,BOURBALA_Djamel.jpg,0
0,PDC,DÉMOCRATE-CHRÉTIEN,36,7827,10341,105,TOMASSI Christine,TOMASSI_Christine.jpg,1
0,PDC,DÉMOCRATE-CHRÉTIEN,37,7815,10287,105,BUGNION Jean-Michel,BUGNION_Jean-Michel.jpg,0
1,MCG,MCG,6,7794,10491,111,PISTIS Sandro,PISTIS_Sandro.jpg,0
0,PDC,DÉMOCRATE-CHRÉTIEN,38,7764,10300,105,FOURNIER Nicolas,FOURNIER_Nicolas.jpg,0
0,PDC,DÉMOCRATE-CHRÉTIEN,39,7755,10346,105,WEHRLI Patrick,WEHRLI_Patrick.jpg,0
0,PDC,DÉMOCRATE-CHRÉTIEN,40,7750,10344,105,VÖLKI Robert,VOLKI_Robert.jpg,0
1,EAG,ENSEMBLE À GAUCHE,4,7749,10011,101,CRUCHON Pablo,CRUCHON_Pablo.jpg,0
0,PDC,DÉMOCRATE-CHRÉTIEN,41,7738,10327,105,PROGIN Christian,PROGIN_Christian.jpg,0
0,PDC,DÉMOCRATE-CHRÉTIEN,42,7736,10342,105,TREMBLET Laurent,TREMBLET_Laurent.jpg,0
0,PDC,DÉMOCRATE-CHRÉTIEN,43,7719,10304,105,GIANNASI Anthony,GIANNASI_Anthony.jpg,0
1,UDC,UDC,3,7712,10351,106,BLÄSI Thomas,BLASI_Thomas.jpg,0
1,EAG,ENSEMBLE À GAUCHE,5,7706,10072,101,BURGERMEISTER Jean,BURGERMEISTER_Jean.jpg,0
0,PDC,DÉMOCRATE-CHRÉTIEN,44,7696,10293,105,DELUERMOZ Cosima,DELUERMOZ_Cosima.jpg,1
1,MCG,MCG,7,7690,10490,111,BÄRTSCHI François,BARTSCHI_Francois.jpg,0
0,PDC,DÉMOCRATE-CHRÉTIEN,45,7678,10339,105,SQUILLACI Nicola,SQUILLACI_Nicola.jpg,0
0,PDC,DÉMOCRATE-CHRÉTIEN,46,7666,10298,105,FISCHER Daniel,FISCHER_Daniel.jpg,0
0,PDC,DÉMOCRATE-CHRÉTIEN,47,7662,10302,105,GACHE Hélène,GACHE_Helene.jpg,1
1,EAG,ENSEMBLE À GAUCHE,6,7661,10039,101,VANEK Pierre,VANEK_Pierre.jpg,0
0,PDC,DÉMOCRATE-CHRÉTIEN,48,7659,10318,105,MERLE Emmanuelle,MERLE_Emmanuelle.jpg,1
0,PDC,DÉMOCRATE-CHRÉTIEN,49,7631,10338,105,SOPI Dardan,SOPI_Dardan.jpg,0
0,PDC,DÉMOCRATE-CHRÉTIEN,50,7623,10312,105,LEHNER Laurent,LEHNER_Laurent.jpg,0
0,PDC,DÉMOCRATE-CHRÉTIEN,51,7617,10296,105,DUPONT Thérèse,DUPONT_Therese.jpg,1
0,PDC,DÉMOCRATE-CHRÉTIEN,52,7607,10303,105,GASHI Sami,GASHI_Sami.jpg,0
0,PDC,DÉMOCRATE-CHRÉTIEN,53,7590,10292,105,DECREY Christophe,DECREY_Christophe.jpg,0
0,PDC,DÉMOCRATE-CHRÉTIEN,54,7586,10286,105,BOUVIER Jérémy,BOUVIER_Jeremy.jpg,0
1,EAG,ENSEMBLE À GAUCHE,7,7581,10003,101,ZAUGG Christian,ZAUGG_Christian.jpg,0
0,PDC,DÉMOCRATE-CHRÉTIEN,55,7577,10347,105,ZIMMERMANN Luc,ZIMMERMANN_Luc.jpg,0
0,PDC,DÉMOCRATE-CHRÉTIEN,56,7567,10322,105,MORONI Catherine,MORONI_Catherine.jpg,1
0,PDC,DÉMOCRATE-CHRÉTIEN,57,7542,10348,105,ZIMMERMANN Bertrand,ZIMMERMANN_Bertrand.jpg,0
0,PDC,DÉMOCRATE-CHRÉTIEN,58,7528,10332,105,SAUDAN Guy,SAUDAN_Guy.jpg,0
1,EAG,ENSEMBLE À GAUCHE,8,7521,10051,101,BATOU Jean,BATOU_Jean.jpg,0
0,PDC,DÉMOCRATE-CHRÉTIEN,59,7514,10323,105,NEUDER Isabelle,NEUDER_Isabelle.jpg,1
0,PDC,DÉMOCRATE-CHRÉTIEN,60,7511,10326,105,PFEIFFER Alex,PFEIFFER_Alex.jpg,0
0,PDC,DÉMOCRATE-CHRÉTIEN,61,7498,10345,105,VUARNOZ Emanuela (Emanuelle),VUARNOZ_Emanuela.jpg,1
0,PDC,DÉMOCRATE-CHRÉTIEN,62,7494,10291,105,CHEVALIER Alexandre,CHEVALIER_Alexandre.jpg,0
0,PDC,DÉMOCRATE-CHRÉTIEN,63,7488,10336,105,SCHRAG Sylvianne,SCHRAG_Sylvianne.jpg,1
0,PDC,DÉMOCRATE-CHRÉTIEN,64,7477,10301,105,FRISCHKNECHT Catherine,FRISCHKNECHT_Catherine.jpg,1
0,PDC,DÉMOCRATE-CHRÉTIEN,65,7454,10321,105,MONDOUX Alexandre,MONDOUX_Alexandre.jpg,0
0,PDC,DÉMOCRATE-CHRÉTIEN,66,7445,10305,105,GIANNELLI Mark,GIANNELLI_Mark.jpg,0
0,PDC,DÉMOCRATE-CHRÉTIEN,67,7431,10337,105,SIMOES Jose,SIMOES_Jose.jpg,0
1,EAG,ENSEMBLE À GAUCHE,9,7411,10041,101,VALENTINO Stéphanie,VALENTINO_Stephanie.jpg,1
0,PDC,DÉMOCRATE-CHRÉTIEN,68,7400,10330,105,RUCHET Philippe,RUCHET_Philippe.jpg,0
0,PDC,DÉMOCRATE-CHRÉTIEN,69,7360,10329,105,RASOLO Daniel,RASOLO_Daniel.jpg,0
1,MCG,MCG,8,7350,10488,111,VOUMARD Jean Marie,VOUMARD_Jean_Marie.jpg,0
0,PDC,DÉMOCRATE-CHRÉTIEN,70,7347,10340,105,STEINBERG CANDRIAN Melinda,STEINBERG_CANDRIAN_Melinda.jpg,1
0,PDC,DÉMOCRATE-CHRÉTIEN,71,7336,10316,105,MAKKI Michela (Michèle),MAKKI_Michela.jpg,1
0,PDC,DÉMOCRATE-CHRÉTIEN,72,7328,10324,105,OUEDRAOGO Moustapha,OUEDRAOGO_Moustapha.jpg,0
0,PDC,DÉMOCRATE-CHRÉTIEN,73,7319,10334,105,SCANDURRA Alessandro,SCANDURRA_Alessandro.jpg,0
1,MCG,MCG,9,7303,10493,111,MAGNIN Danièle,MAGNIN_Daniele.jpg,1
1,MCG,MCG,10,7259,10496,111,FLURY Christian,FLURY_Christian.jpg,0
1,MCG,MCG,11,7244,10503,111,DIMIER Patrick,DIMIER_Patrick.jpg,0
0,EAG,ENSEMBLE À GAUCHE,10,7242,10055,101,BAUD Olivier,BAUD_Olivier.jpg,0
0,PDC,DÉMOCRATE-CHRÉTIEN,74,7242,10325,105,PERRET Vincent,PERRET_Vincent.jpg,0
0,MCG,MCG,12,7228,10495,111,SAPIN Françoise,SAPIN_Francoise.jpg,1
0,EAG,ENSEMBLE À GAUCHE,11,7206,10058,101,BAYENET Pierre,BAYENET_Pierre.jpg,0
0,PDC,DÉMOCRATE-CHRÉTIEN,75,7185,10619,105,KHATTABI HASSAR Houda,KHATTABI_HASSAR_Houda.jpg,1
0,MCG,MCG,13,7182,10498,111,PYTHON André,PYTHON_Andre.jpg,0
0,MCG,MCG,14,7151,10494,111,VALENTIN Francisco,VALENTIN_Francisco.jpg,0
0,MCG,MCG,15,7143,10500,111,GANDER Florian,GANDER_Florian.jpg,0
0,MCG,MCG,16,7142,10497,111,GOLAY Sandra,GOLAY_Sandra.jpg,1
0,MCG,MCG,17,7090,10502,111,SONDEREGGER Gabriela,SONDEREGGER_Gabriela.jpg,1
0,EAG,ENSEMBLE À GAUCHE,12,7086,10025,101,NYFFELER BATOU Françoise,NYFFELER_BATOU_Francoise.jpg,1
0,MCG,MCG,18,7086,10534,111,LAURENT Pierre-Alain,LAURENT_Pierre-Alain.jpg,0
0,MCG,MCG,19,7085,10501,111,DECORVET Christian,DECORVET_Christian.jpg,0
0,MCG,MCG,20,7084,10515,111,CHAPOU Frédéric,CHAPOU_Frederic.jpg,0
0,EAG,ENSEMBLE À GAUCHE,13,7056,10038,101,MARTENOT Aude,MARTENOT_Aude.jpg,1
0,PDC,DÉMOCRATE-CHRÉTIEN,76,7045,10620,105,LUPO Paolo,LUPO_Paolo.jpg,0
0,MCG,MCG,21,7039,10533,111,ANGELOZ Claude,ANGELOZ_Claude.jpg,0
0,MCG,MCG,21,7039,10492,111,DEROUETTE Jean-Paul,DEROUETTE_Jean-Paul.jpg,0
0,MCG,MCG,23,7031,10505,111,SAAS Alexandra,SAAS_Alexandra.jpg,1
0,EAG,ENSEMBLE À GAUCHE,14,7023,10031,101,PERADOTTO Julie,PERADOTTO_Julie.jpg,1
0,MCG,MCG,24,7022,10506,111,ZOGG Thomas,ZOGG_Thomas.jpg,0
0,MCG,MCG,25,7020,10489,111,LE JONCOUR-BRÜLHART Céline,LE_JONCOUR-BRULHART_Celine.jpg,1
0,MCG,MCG,25,7020,10499,111,RAPPAZ Henry,RAPPAZ_Henry.jpg,0
0,MCG,MCG,27,7013,10520,111,AMBROSIO François,AMBROSIO_Francois.jpg,0
1,UDC,UDC,4,7008,10356,106,IVANOV Christo,IVANOV_Christo.jpg,0
0,MCG,MCG,28,7000,10614,111,TEIXEIRA Albano,TEIXEIRA_Albano.jpg,0
0,MCG,MCG,29,6996,10556,111,ZBINDEN Jean-Luc,ZBINDEN_Jean-Luc.jpg,0
0,MCG,MCG,30,6981,10517,111,LEISI Laurent,LEISI_Laurent.jpg,0
0,MCG,MCG,31,6980,10514,111,REICHENBACH Kevin,REICHENBACH_Kevin.jpg,0
0,MCG,MCG,32,6971,10545,111,MARGUET Tex,MARGUET_Tex.jpg,0
0,MCG,MCG,33,6954,10535,111,JAHIJA Burim,JAHIJA_Burim.jpg,0
0,EAG,ENSEMBLE À GAUCHE,15,6952,10036,101,SCHNEBLI Tobias (Tobia),SCHNEBLI_Tobias.jpg,0
0,MCG,MCG,34,6944,10538,111,CHAPPAZ Marc,CHAPPAZ_Marc.jpg,0
0,EAG,ENSEMBLE À GAUCHE,16,6941,10022,101,ECUYER Hélène,ECUYER_Helene.jpg,1
0,MCG,MCG,35,6938,10548,111,MUDRY Yves,MUDRY_Yves.jpg,0
0,MCG,MCG,36,6931,10516,111,MADANI Amar,MADANI_Amar.jpg,0
0,MCG,MCG,37,6930,10504,111,FONTAINE-VIVE-CURTAZ Jean,FONTAINE-VIVE-CURTAZ_Jean.jpg,0
0,MCG,MCG,38,6929,10507,111,PASCARELLA Louise,PASCARELLA_Louise.jpg,1
0,MCG,MCG,39,6922,10511,111,ANGELO Antonio,ANGELO_Antonio.jpg,0
0,EAG,ENSEMBLE À GAUCHE,17,6920,10035,101,PEREZ Maria (Lou),PEREZ_Maria.jpg,1
0,MCG,MCG,40,6915,10576,111,STEINER Christian,STEINER_Christian.jpg,0
0,EAG,ENSEMBLE À GAUCHE,18,6914,10028,101,OVETT BONDI Davinia,OVETT_BONDI_Davinia.jpg,1
0,MCG,MCG,41,6897,10547,111,SHLYAPINA Elena,SHLYAPINA_Elena.jpg,1
0,MCG,MCG,42,6890,10532,111,MÉNÉTREY Yasmine,MENETREY_Yasmine.jpg,1
0,MCG,MCG,43,6888,10568,111,MÜLLER Olivier,MULLER_Olivier.jpg,0
0,MCG,MCG,44,6886,10536,111,DI SALVO Giuseppe,DI_SALVO_Giuseppe.jpg,0
0,MCG,MCG,45,6882,10518,111,OUDIN Rémy,OUDIN_Remy.jpg,0
0,MCG,MCG,46,6871,10521,111,FRAUCHIGER Roger,FRAUCHIGER_Roger.jpg,0
0,MCG,MCG,47,6863,10527,111,SOTOMAYOR André,SOTOMAYOR_Andre.jpg,0
0,MCG,MCG,48,6862,10563,111,BESSE Muriel,BESSE_Muriel.jpg,1
0,MCG,MCG,49,6860,10523,111,ROULIN Claude,ROULIN_Claude.jpg,0
0,MCG,MCG,50,6858,10512,111,CATTIN Jean-Pascal,CATTIN_Jean-Pascal.jpg,0
0,MCG,MCG,51,6848,10572,111,MARTIGNONI Alain,MARTIGNONI_Alain.jpg,0
0,MCG,MCG,52,6844,10554,111,GARCIA Javier,GARCIA_Javier.jpg,0
0,MCG,MCG,53,6841,10525,111,NIETO Alexandre,NIETO_Alexandre.jpg,0
0,MCG,MCG,54,6839,10552,111,COVER Sabina,COVER_Sabina.jpg,1
0,MCG,MCG,55,6837,10531,111,VENDRELL Marie,VENDRELL_Marie.jpg,1
0,MCG,MCG,56,6834,10537,111,HEIMO Philippe,HEIMO_Philippe.jpg,0
0,MCG,MCG,57,6830,10508,111,FEKKAK Hatem,FEKKAK_Hatem.jpg,0
0,MCG,MCG,58,6827,10540,111,CATALAN Joëlle,CATALAN_Joelle.jpg,1
0,MCG,MCG,59,6816,10549,111,GOSTOLI Gérard,GOSTOLI_Gerard.jpg,0
0,MCG,MCG,60,6815,10566,111,LOOSLI Bertille (Clarence),LOOSLI_Bertille.jpg,1
0,MCG,MCG,61,6811,10560,111,PASTORE Daniel (Dany),PASTORE_Daniel.jpg,0
0,MCG,MCG,62,6810,10541,111,REOLON Bruno,REOLON_Bruno.jpg,0
0,MCG,MCG,63,6809,10567,111,EMONET Sarah,EMONET_Sarah.jpg,1
0,MCG,MCG,63,6809,10543,111,KLINGELE Olivier,KLINGELE_Olivier.jpg,0
0,MCG,MCG,65,6807,10573,111,MARÉCHAL Christophe,MARECHAL_Christophe.jpg,0
0,MCG,MCG,66,6803,10530,111,DO REGO Ricardo,DO_REGO_Ricardo.jpg,0
0,MCG,MCG,66,6803,10519,111,VILLETTE Jean,VILLETTE_Jean.jpg,0
0,MCG,MCG,68,6798,10546,111,DELMENICO Janine,DELMENICO_Janine.jpg,1
0,MCG,MCG,68,6798,10580,111,MARTIN Emmanuel,MARTIN_Emmanuel.jpg,0
0,MCG,MCG,70,6797,10526,111,CHAOUI Laïla,CHAOUI_Laila.jpg,1
0,MCG,MCG,71,6793,10524,111,COUTO Armando,COUTO_Armando.jpg,0
0,MCG,MCG,72,6785,10550,111,YAU Helen,YAU_Helen.jpg,1
0,MCG,MCG,73,6782,10544,111,BENCKER Jeanne,BENCKER_Jeanne.jpg,1
0,MCG,MCG,74,6775,10559,111,OLIVEIRA Rui,OLIVEIRA_Rui.jpg,0
0,MCG,MCG,75,6773,10542,111,ALBANESI Jean-François,ALBANESI_Jean-Francois.jpg,0
0,MCG,MCG,76,6772,10513,111,BARYEKA Jarek,BARYEKA_Jarek.jpg,0
0,MCG,MCG,76,6772,10551,111,INNOCENTI Flavio,INNOCENTI_Flavio.jpg,0
0,EAG,ENSEMBLE À GAUCHE,19,6765,10030,101,ECUYER Annick,ECUYER_Annick.jpg,0
0,MCG,MCG,78,6763,10553,111,AMBORD Cédric (Sandro),AMBORD_Cedric.jpg,0
0,EAG,ENSEMBLE À GAUCHE,20,6760,10065,101,BOLAY ROBIN Stéphanie,BOLAY_ROBIN_Stephanie.jpg,1
0,MCG,MCG,79,6760,10579,111,GUISY Milène,GUISY_Milene.jpg,1
0,MCG,MCG,80,6755,10564,111,NAINE Marie-Josée,NAINE_Marie-Josee.jpg,1
0,MCG,MCG,81,6754,10562,111,HAYMOZ William,HAYMOZ_William.jpg,0
0,MCG,MCG,82,6752,10582,111,BONVIN Philippe,BONVIN_Philippe.jpg,0
0,MCG,MCG,83,6750,10558,111,BAIUNCO Aurora,BAIUNCO_Aurora.jpg,1
0,EAG,ENSEMBLE À GAUCHE,21,6749,10049,101,SCHMID Audrey,SCHMID_Audrey.jpg,1
0,MCG,MCG,84,6747,10522,111,DELLAGIOVANNA Daniel,DELLAGIOVANNA_Daniel.jpg,0
0,MCG,MCG,85,6744,10569,111,LODDO Olivier (HENRIOUD),LODDO_Olivier.jpg,0
0,MCG,MCG,86,6735,10555,111,BELCASTRO DE LUCA Nathalie,BELCASTRO_DE_LUCA_Nathalie.jpg,1
0,MCG,MCG,86,6735,10583,111,SAUSER Nicolas,SAUSER_Nicolas.jpg,0
0,MCG,MCG,88,6733,10581,111,DUSSAN Julien,DUSSAN_Julien.jpg,0
0,MCG,MCG,88,6733,10584,111,RYSER Alain,RYSER_Alain.jpg,0
0,MCG,MCG,90,6725,10578,111,BISSAT Rose (Marie Angeline),BISSAT_Rose.jpg,1
0,MCG,MCG,90,6725,10574,111,SPAGNOLO Salvatore,SPAGNOLO_Salvatore.jpg,0
0,MCG,MCG,92,6721,10577,111,BEUN Christine (Kristine),BEUN_Christine.jpg,1
0,MCG,MCG,93,6718,10585,111,MONNEY Armand,MONNEY_Armand.jpg,0
0,MCG,MCG,94,6712,10575,111,PIERRE TOUSSAINT Sircee,PIERRE_TOUSSAINT_Sircee.jpg,1
0,EAG,ENSEMBLE À GAUCHE,22,6707,10042,101,PREZIOSO BATOU Stefania,PREZIOSO_BATOU_Stefania.jpg,1
0,MCG,MCG,95,6706,10571,111,DE OLIVEIRA NUNES Vitor,DE_OLIVEIRA_NUNES_Vitor.jpg,0
0,MCG,MCG,96,6687,10539,111,BARRY Minkailou,BARRY_Minkailou.jpg,0
1,UDC,UDC,5,6679,10352,106,FLOREY Stéphane,FLOREY_Stephane.jpg,0
1,UDC,UDC,6,6662,10355,106,LUSSI Patrick,LUSSI_Patrick.jpg,0
0,MCG,MCG,97,6656,10557,111,AHDAB Ahmad (Chawki),AHDAB_Ahmad.jpg,0
0,MCG,MCG,98,6654,10561,111,DRASKOVIC Rada,DRASKOVIC_Rada.jpg,1
0,MCG,MCG,99,6633,10565,111,GHARBI Mohamed,GHARBI_Mohamed.jpg,0
0,MCG,MCG,100,6631,10570,111,BEN CHAABANE Salah,BEN_CHAABANE_Salah.jpg,0
0,EAG,ENSEMBLE À GAUCHE,23,6607,10024,101,OSSMANN Sekna,OSSMANN_Sekna.jpg,1
0,EAG,ENSEMBLE À GAUCHE,24,6589,10021,101,JELK Andrée (JELK-PEILA),JELK_Andree.jpg,1
0,EAG,ENSEMBLE À GAUCHE,25,6513,10059,101,BAILAT Ariane,BAILAT_Ariane.jpg,1
0,EAG,ENSEMBLE À GAUCHE,26,6511,10020,101,ENILINE Alexander,ENILINE_Alexander.jpg,0
0,EAG,ENSEMBLE À GAUCHE,27,6504,10029,101,JIMENEZ Jean-Daniel,JIMENEZ_Jean-Daniel.jpg,0
1,UDC,UDC,7,6488,10357,106,FALQUET Marc,FALQUET_Marc.jpg,0
0,EAG,ENSEMBLE À GAUCHE,28,6488,10073,101,CASTRO Gloria,CASTRO_Gloria.jpg,1
0,EAG,ENSEMBLE À GAUCHE,29,6481,10034,101,ZAUGG Daniel,ZAUGG_Daniel.jpg,0
0,EAG,ENSEMBLE À GAUCHE,30,6464,10023,101,ISSOM David-Zacharie,ISSOM_David-Zacharie.jpg,0
0,EAG,ENSEMBLE À GAUCHE,31,6457,10026,101,JANUZI Bashkim,JANUZI_Bashkim.jpg,0
0,EAG,ENSEMBLE À GAUCHE,32,6443,10061,101,ZAUGG Cecilia,ZAUGG_Cecilia.jpg,1
1,UDC,UDC,8,6428,10354,106,FUHRMANN Marc,FUHRMANN_Marc.jpg,0
0,EAG,ENSEMBLE À GAUCHE,33,6423,10056,101,ZBINDEN Livia,ZBINDEN_Livia.jpg,1
0,EAG,ENSEMBLE À GAUCHE,34,6416,10078,101,FERREIRA Elisabeth,FERREIRA_Elisabeth.jpg,1
0,EAG,ENSEMBLE À GAUCHE,35,6412,10044,101,LANGFORD Pia,LANGFORD_Pia.jpg,1
0,EAG,ENSEMBLE À GAUCHE,36,6404,10045,101,VINCENT Michel,VINCENT_Michel.jpg,0
0,EAG,ENSEMBLE À GAUCHE,37,6403,10032,101,MANRÍQUEZ Matías,MANRIQUEZ_Matias.jpg,0
0,EAG,ENSEMBLE À GAUCHE,38,6387,10046,101,RUMPCZYK Delphine,RUMPCZYK_Delphine.jpg,1
0,UDC,UDC,9,6384,10359,106,PFEFFER André,PFEFFER_Andre.jpg,0
0,EAG,ENSEMBLE À GAUCHE,39,6365,10064,101,KHAOUCHI Corinne,KHAOUCHI_Corinne.jpg,1
0,EAG,ENSEMBLE À GAUCHE,40,6363,10048,101,ANDENMATTEN David,ANDENMATTEN_David.jpg,0
0,EAG,ENSEMBLE À GAUCHE,41,6347,10068,101,DE MELO MARCELINO Amélia,DE_MELO_MARCELINO_Amelia.jpg,1
0,EAG,ENSEMBLE À GAUCHE,42,6344,10483,101,CARLO Xavier,CARLO_Xavier.jpg,0
0,UDC,UDC,10,6343,10361,106,HULLIGER Patrick,HULLIGER_Patrick.jpg,0
0,EAG,ENSEMBLE À GAUCHE,43,6321,10062,101,BLANCHET Marjo,BLANCHET_Marjo.jpg,1
0,EAG,ENSEMBLE À GAUCHE,44,6297,10052,101,STEBLER GUENAT Henriette,STEBLER_GUENAT_Henriette.jpg,1
0,UDC,UDC,11,6288,10358,106,MAENDLY Norbert,MAENDLY_Norbert.jpg,0
0,EAG,ENSEMBLE À GAUCHE,45,6269,10043,101,ESAKI KABEYA Elisabeth,ESAKI_KABEYA_Elisabeth.jpg,1
0,EAG,ENSEMBLE À GAUCHE,46,6265,10482,101,CHRISTINAT Jean-David,CHRISTINAT_Jean-David.jpg,0
0,EAG,ENSEMBLE À GAUCHE,46,6265,10617,101,SAHIN Gazi,SAHIN_Gazi.jpg,0
0,EAG,ENSEMBLE À GAUCHE,48,6259,10077,101,DURAKU Edon,DURAKU_Edon.jpg,0
0,UDC,UDC,12,6233,10362,106,MICHAUD Eliane (ANSERMET),MICHAUD_Eliane.jpg,1
0,UDC,UDC,13,6228,10377,106,CONTI Virna,CONTI_Virna.jpg,1
0,UDC,UDC,14,6227,10360,106,CATELAIN Gilbert,CATELAIN_Gilbert.jpg,0
0,EAG,ENSEMBLE À GAUCHE,49,6204,10053,101,EDJEOU Corinne (BUNTSCHU),EDJEOU_Corinne.jpg,1
0,EAG,ENSEMBLE À GAUCHE,50,6187,10070,101,BOUJEMAA Sanae,BOUJEMAA_Sanae.jpg,1
0,EAG,ENSEMBLE À GAUCHE,51,6185,10054,101,MEIERHOFER MANYAGOUA BOUMTCHÉ Charlotte,MEIERHOFER_MANYAGOUA_BOUMTCHE_Charlotte.jpg,1
0,EAG,ENSEMBLE À GAUCHE,52,6180,10040,101,CLEMENT Patrice,CLEMENT_Patrice.jpg,0
0,EAG,ENSEMBLE À GAUCHE,53,6179,10076,101,DURAKU Fitore,DURAKU_Fitore.jpg,1
0,EAG,ENSEMBLE À GAUCHE,54,6168,10060,101,MAILLEFER Denise,MAILLEFER_Denise.jpg,1
0,EAG,ENSEMBLE À GAUCHE,55,6158,10074,101,CAMELO Alfredo,CAMELO_Alfredo.jpg,0
0,EAG,ENSEMBLE À GAUCHE,56,6147,10066,101,BLANCO Luis,BLANCO_Luis.jpg,0
0,EAG,ENSEMBLE À GAUCHE,57,6146,10027,101,ECUYER Sébastien,ECUYER_Sebastien.jpg,0
0,EAG,ENSEMBLE À GAUCHE,58,6131,10047,101,SALM DARBOE Karijn,SALM_DARBOE_Karijn.jpg,1
0,UDC,UDC,15,6130,10388,106,THOMAS Sébastien,THOMAS_Sebastien.jpg,0
0,EAG,ENSEMBLE À GAUCHE,59,6126,10069,101,BOUZID Mohamed,BOUZID_Mohamed.jpg,0
0,EAG,ENSEMBLE À GAUCHE,60,6119,10037,101,MISSOH DZIKUNOO Massan,MISSOH_DZIKUNOO_Massan.jpg,1
0,UDC,UDC,16,6112,10372,106,PERRENOUD Philippe,PERRENOUD_Philippe.jpg,0
0,UDC,UDC,17,6102,10381,106,BERTINAT Marie-Agnès,BERTINAT_Marie-Agnes.jpg,1
0,UDC,UDC,18,6100,10363,106,SCHERB Peter (Pierre),SCHERB_Peter.jpg,0
0,EAG,ENSEMBLE À GAUCHE,61,6098,10615,101,GERARDO FÉLIZ GRUBI Ynes,GERARDO_FELIZ_GRUBI_Ynes.jpg,1
0,UDC,UDC,19,6078,10367,106,MASÉ Zora,MASE_Zora.jpg,1
0,UDC,UDC,20,6070,10366,106,BISOL Walter,BISOL_Walter.jpg,0
0,UDC,UDC,21,6064,10368,106,VELEN François,VELEN_Francois.jpg,0
0,UDC,UDC,22,6052,10365,106,GUINCHARD Damien,GUINCHARD_Damien.jpg,0
0,UDC,UDC,22,6052,10376,106,LAPORTE Claude,LAPORTE_Claude.jpg,0
0,UDC,UDC,24,6050,10369,106,KNÖRR Stephen,KNORR_Stephen.jpg,0
0,EAG,ENSEMBLE À GAUCHE,62,6042,10050,101,GUEVARA Francisco,GUEVARA_Francisco.jpg,0
0,UDC,UDC,25,6038,10370,106,RUBELI Pascal,RUBELI_Pascal.jpg,0
0,EAG,ENSEMBLE À GAUCHE,63,6038,10033,101,ZEHFUS Yves,ZEHFUS_Yves.jpg,0
0,EAG,ENSEMBLE À GAUCHE,64,6035,10063,101,MARTI Werner,MARTI_Werner.jpg,0
0,UDC,UDC,26,6012,10378,106,PAREL Loïc,PAREL_Loic.jpg,0
0,UDC,UDC,27,6007,10375,106,QUEFFÉLEC Philippe,QUEFFELEC_Philippe.jpg,0
0,UDC,UDC,28,6005,10385,106,KNOLL Tatiana,KNOLL_Tatiana.jpg,1
0,UDC,UDC,29,6003,10389,106,ROMANENS Mathieu,ROMANENS_Mathieu.jpg,0
0,UDC,UDC,30,5982,10386,106,RIME Alexandre,RIME_Alexandre.jpg,0
0,UDC,UDC,31,5981,10371,106,LYON Didier,LYON_Didier.jpg,0
0,UDC,UDC,32,5980,10364,106,STARK Riccardo (Richard),STARK_Riccardo.jpg,0
0,UDC,UDC,33,5977,10395,106,LÉGUILLON Angèle,LEGUILLON_Angele.jpg,1
0,UDC,UDC,34,5967,10390,106,SCHWEIZER Adriana,SCHWEIZER_Adriana.jpg,1
0,EAG,ENSEMBLE À GAUCHE,65,5964,10057,101,ROSSEL Pascal,ROSSEL_Pascal.jpg,0
0,UDC,UDC,35,5956,10383,106,DOURNOW David,DOURNOW_David.jpg,0
0,UDC,UDC,36,5946,10373,106,DUTRUIT André,DUTRUIT_Andre.jpg,0
0,UDC,UDC,37,5941,10374,106,ALTENBACH Pascal,ALTENBACH_Pascal.jpg,0
0,UDC,UDC,38,5940,10396,106,BONTOUX Caroline,BONTOUX_Caroline.jpg,1
0,EAG,ENSEMBLE À GAUCHE,66,5911,10075,101,NOETZLIN Simon,NOETZLIN_Simon.jpg,0
0,UDC,UDC,39,5868,10384,106,CHAUSSIVERT Patrice,CHAUSSIVERT_Patrice.jpg,0
0,EAG,ENSEMBLE À GAUCHE,67,5864,10071,101,GALLAND Eduardo,GALLAND_Eduardo.jpg,0
0,EAG,ENSEMBLE À GAUCHE,68,5860,10067,101,MAMIN François,MAMIN_Francois.jpg,0
0,UDC,UDC,40,5853,10392,106,PRANDO Stéphane,PRANDO_Stephane.jpg,0
0,UDC,UDC,41,5845,10382,106,MOUNLA Alexandre,MOUNLA_Alexandre.jpg,0
0,UDC,UDC,42,5800,10379,106,HEDDI Leila,HEDDI_Leila.jpg,1
0,UDC,UDC,43,5786,10380,106,GOMES DE ALMEIDA José (Manuel),GOMES_DE_ALMEIDA_Jose.jpg,0
0,GEMA,GENÈVE EN MARCHE,1,5757,10397,109,STAUFFER Eric,STAUFFER_Eric.jpg,0
0,UDC,UDC,44,5752,10393,106,BORER Maria Da Conceicao,BORER_Maria_Da_Conceicao.jpg,1
0,UDC,UDC,45,5714,10391,106,KHACHATRYAN Gohar,KHACHATRYAN_Gohar.jpg,1
0,UDC,UDC,46,5613,10387,106,DESYATKINA DZODZIEV Viktoriya,DESYATKINA_DZODZIEV_Viktoriya.jpg,1
0,UDC,UDC,47,5555,10394,106,AKABA El Mostafa,AKABA_El_Mostafa.jpg,0
0,GEMA,GENÈVE EN MARCHE,2,5242,10398,109,ZACHARIAS Ronald,ZACHARIAS_Ronald.jpg,0
0,FEM,LALISTE-FEMMES 2018,1,4706,10399,107,HONEGGER HELLER Manuela,HONEGGER_HELLER_Manuela.jpg,1
0,FEM,LALISTE-FEMMES 2018,2,4178,10404,107,YOL Diana,YOL_Diana.jpg,1
0,FEM,LALISTE-FEMMES 2018,3,4105,10403,107,MÜLLER Fabienne (ABRAMOVICH),MULLER_Fabienne.jpg,1
0,GEMA,GENÈVE EN MARCHE,3,4075,10421,109,SPÜHLER Pascal,SPUHLER_Pascal.jpg,0
0,FEM,LALISTE-FEMMES 2018,4,4043,10405,107,RANDEGGER Alice,RANDEGGER_Alice.jpg,1
0,FEM,LALISTE-FEMMES 2018,5,3965,10407,107,OZDEMIR Elcim (ÖZDEMIR Elçim),OZDEMIR_Elcim.jpg,1
0,FEM,LALISTE-FEMMES 2018,6,3944,10410,107,BOSELLI GAUTHEY Monica,BOSELLI_GAUTHEY_Monica.jpg,1
0,FEM,LALISTE-FEMMES 2018,7,3941,10408,107,RICCIARDI WERLEN Jacqueline,RICCIARDI_WERLEN_Jacqueline.jpg,1
0,FEM,LALISTE-FEMMES 2018,8,3934,10402,107,BORCARD Anne,BORCARD_Anne.jpg,1
0,FEM,LALISTE-FEMMES 2018,9,3910,10415,107,LANGER Valérie,LANGER_Valerie.jpg,1
0,FEM,LALISTE-FEMMES 2018,10,3883,10412,107,JAUCH Caroline,JAUCH_Caroline.jpg,1
0,FEM,LALISTE-FEMMES 2018,11,3864,10413,107,GRANGE Marie-Florence,GRANGE_Marie-Florence.jpg,1
0,FEM,LALISTE-FEMMES 2018,12,3793,10417,107,THOMIAS LEDUC Diana,THOMIAS_LEDUC_Diana.jpg,1
0,FEM,LALISTE-FEMMES 2018,13,3691,10400,107,OCHARAN ROBLES RAPAZ Eva (OCHARAN ROBLES),OCHARAN_ROBLES_RAPAZ_Eva.jpg,1
0,FEM,LALISTE-FEMMES 2018,14,3659,10414,107,MAZZONI Nikita,MAZZONI_Nikita.jpg,1
0,GEMA,GENÈVE EN MARCHE,4,3632,10528,109,WALTHER Thierry,WALTHER_Thierry.jpg,0
0,FEM,LALISTE-FEMMES 2018,15,3622,10406,107,DEPRAETERE Graciela (DEPRAETERE-MANULIS),DEPRAETERE_Graciela.jpg,1
0,GEMA,GENÈVE EN MARCHE,5,3620,10420,109,SARAIVA MEDEIROS Carlos,SARAIVA_MEDEIROS_Carlos.jpg,0
0,FEM,LALISTE-FEMMES 2018,16,3597,10409,107,ROSSIER FAHRION Cerise,ROSSIER_FAHRION_Cerise.jpg,1
0,FEM,LALISTE-FEMMES 2018,17,3561,10401,107,DA CRUZ PEDRO Anna (DA CRUZ PERRET-GENTIL),DA_CRUZ_PEDRO_Anna.jpg,1
0,GEMA,GENÈVE EN MARCHE,6,3548,10426,109,NOBS Cyril,NOBS_Cyril.jpg,0
0,FEM,LALISTE-FEMMES 2018,18,3508,10411,107,LAVRADOR DIAS Claudia (DIAS),LAVRADOR_DIAS_Claudia.jpg,1
0,GEMA,GENÈVE EN MARCHE,7,3467,10422,109,GAETANINO Marco,GAETANINO_Marco.jpg,0
0,GEMA,GENÈVE EN MARCHE,8,3431,10427,109,NOËL Daniel,NOEL_Daniel.jpg,0
0,GEMA,GENÈVE EN MARCHE,9,3414,10423,109,LE JEUNE GIACOBBI Cristina,LE_JEUNE_GIACOBBI_Cristina.jpg,1
0,GEMA,GENÈVE EN MARCHE,9,3414,10428,109,PICOT Jérôme,PICOT_Jerome.jpg,0
0,GEMA,GENÈVE EN MARCHE,11,3404,10436,109,L'HUILLIER Eric,L-HUILLIER_Eric.jpg,0
0,FEM,LALISTE-FEMMES 2018,19,3368,10416,107,MAYORAL EDO Corinne (MAYORAL),MAYORAL_EDO_Corinne.jpg,1
0,GEMA,GENÈVE EN MARCHE,12,3367,10430,109,BECK Victoria,BECK_Victoria.jpg,1
0,GEMA,GENÈVE EN MARCHE,13,3352,10424,109,FUSCO Gerardo,FUSCO_Gerardo.jpg,0
0,GEMA,GENÈVE EN MARCHE,14,3347,10442,109,FREY Priscilla,FREY_Priscilla.jpg,1
0,GEMA,GENÈVE EN MARCHE,15,3337,10438,109,FABRE Jean,FABRE_Jean.jpg,0
0,GEMA,GENÈVE EN MARCHE,16,3327,10440,109,LOEILLET-ROUZIER Anne (Marie),LOEILLET-ROUZIER_Anne.jpg,1
0,GEMA,GENÈVE EN MARCHE,17,3306,10425,109,GAMBERONI Dominique,GAMBERONI_Dominique.jpg,0
0,GEMA,GENÈVE EN MARCHE,18,3301,10445,109,COHEN Olivier,COHEN_Olivier.jpg,0
0,GEMA,GENÈVE EN MARCHE,19,3300,10529,109,RUCHONNET Jean-François,RUCHONNET_Jean-Francois.jpg,0
0,GEMA,GENÈVE EN MARCHE,20,3285,10434,109,LOTA Raphaëlle,LOTA_Raphaelle.jpg,1
0,GEMA,GENÈVE EN MARCHE,21,3279,10449,109,MAIGRE Maria Inès,MAIGRE_Maria_Ines.jpg,1
0,GEMA,GENÈVE EN MARCHE,22,3273,10429,109,GALETTO Frédéric,GALETTO_Frederic.jpg,0
0,GEMA,GENÈVE EN MARCHE,22,3273,10485,109,GARGANTINI Yves,GARGANTINI_Yves.jpg,0
0,GEMA,GENÈVE EN MARCHE,24,3269,10437,109,BALLESTEROS Stefan,BALLESTEROS_Stefan.jpg,0
0,GEMA,GENÈVE EN MARCHE,25,3259,10435,109,THOMSEN Elena (MILAKOVA),THOMSEN_Elena.jpg,1
0,GEMA,GENÈVE EN MARCHE,26,3257,10433,109,PARANÁ JÚNIOR Valério,PARANA_JUNIOR_Valerio.jpg,0
0,GEMA,GENÈVE EN MARCHE,27,3249,10432,109,RIME Fatma (Fatima),RIME_Fatma.jpg,1
0,GEMA,GENÈVE EN MARCHE,28,3243,10623,109,SANTI Michel,SANTI_Michel.jpg,0
0,GEMA,GENÈVE EN MARCHE,29,3237,10484,109,HALIMI Arsim,HALIMI_Arsim.jpg,0
0,GEMA,GENÈVE EN MARCHE,30,3228,10431,109,ANTOINE Jean-Marc,ANTOINE_Jean-Marc.jpg,0
0,GEMA,GENÈVE EN MARCHE,31,3227,10451,109,LEVY Yossef (Hai),LEVY_Yossef.jpg,0
0,GEMA,GENÈVE EN MARCHE,32,3226,10439,109,NGUYEN Van Minh,NGUYEN_Van_Minh.jpg,0
0,GEMA,GENÈVE EN MARCHE,33,3220,10446,109,BRUGUIER Michel,BRUGUIER_Michel.jpg,0
0,GEMA,GENÈVE EN MARCHE,34,3202,10441,109,MARTEL Frédéric,MARTEL_Frederic.jpg,0
0,GEMA,GENÈVE EN MARCHE,35,3201,10448,109,BERLEMONT Alain,BERLEMONT_Alain.jpg,0
0,GEMA,GENÈVE EN MARCHE,36,3178,10447,109,SOLTEIRO Jorge,SOLTEIRO_Jorge.jpg,0
0,GEMA,GENÈVE EN MARCHE,37,3174,10444,109,BISSOLI Marion (LE BACQUER),BISSOLI_Marion.jpg,1
0,GEMA,GENÈVE EN MARCHE,38,3172,10443,109,BRKIC Vitomir,BRKIC_Vitomir.jpg,0
0,GEMA,GENÈVE EN MARCHE,39,3162,10622,109,HÜSSY COPPEX Viviana Ximena Anghela,HUSSY_COPPEX_Viviana_Ximena_Anghela.jpg,1
0,GEMA,GENÈVE EN MARCHE,40,3153,10450,109,FARINHA Horacio,FARINHA_Horacio.jpg,0
0,VERL,VERT'LIBÉRAUX,1,2656,10468,112,FONTANA Jérôme,FONTANA_Jerome.jpg,0
0,LPG,LA LISTE POUR GENÈVE,1,2632,10418,108,ORSINI Magali,ORSINI_Magali.jpg,1
0,VERL,VERT'LIBÉRAUX,2,2478,10586,112,GAUTROT Maria Magdalena (Marielena),GAUTROT_Maria_Magdalena.jpg,1
0,VERL,VERT'LIBÉRAUX,3,2462,10587,112,PIGUET Frédéric (Paul),PIGUET_Frederic.jpg,0
0,VERL,VERT'LIBÉRAUX,4,2450,10509,112,PEYRAUD Alexandre,PEYRAUD_Alexandre.jpg,0
0,VERL,VERT'LIBÉRAUX,5,2250,10510,112,HÄUSERMANN Elisabeth,HAUSERMANN_Elisabeth.jpg,1
0,LPG,LA LISTE POUR GENÈVE,2,2145,10419,108,GAUTHIER Pierre,GAUTHIER_Pierre.jpg,0
0,VERL,VERT'LIBÉRAUX,6,2005,10588,112,WUARIN Marc,WUARIN_Marc.jpg,0
0,VERL,VERT'LIBÉRAUX,7,1986,10598,112,RITTER Sven,RITTER_Sven.jpg,0
0,VERL,VERT'LIBÉRAUX,8,1980,10594,112,MEYLAN Jean Michel,MEYLAN_Jean_Michel.jpg,0
0,VERL,VERT'LIBÉRAUX,9,1976,10591,112,HAMOIR Fursy,HAMOIR_Fursy.jpg,0
0,VERL,VERT'LIBÉRAUX,10,1967,10592,112,PREISIG Robert,PREISIG_Robert.jpg,0
0,VERL,VERT'LIBÉRAUX,11,1907,10593,112,JEANMONOD Christian,JEANMONOD_Christian.jpg,0
0,VERL,VERT'LIBÉRAUX,12,1821,10595,112,CORI Claudio,CORI_Claudio.jpg,0
0,PBD,PBD GENÈVE,1,1809,10466,110,VIDONNE Thierry,VIDONNE_Thierry.jpg,0
0,VERL,VERT'LIBÉRAUX,13,1771,10596,112,WITTWER Christoph,WITTWER_Christoph.jpg,0
0,VERL,VERT'LIBÉRAUX,14,1763,10597,112,BESOMI Alessandro (Alex),BESOMI_Alessandro.jpg,0
0,LEE,ÉGALITÉ ET ÉQUITÉ,1,1758,10600,113,FRAMMERY Chloe,FRAMMERY_Chloe.jpg,1
0,VERL,VERT'LIBÉRAUX,15,1681,10590,112,BUSTAMANTE HERNANDEZ Eric,BUSTAMANTE_HERNANDEZ_Eric.jpg,0
0,LEE,ÉGALITÉ ET ÉQUITÉ,2,1678,10599,113,DUVNJAK Sanja,DUVNJAK_Sanja.jpg,1
0,VERL,VERT'LIBÉRAUX,16,1676,10589,112,SAMIM FIROUZSALARI Atefeh,SAMIM_FIROUZSALARI_Atefeh.jpg,1
0,LEE,ÉGALITÉ ET ÉQUITÉ,3,1464,10613,113,SCHUCANI Grégoire,SCHUCANI_Gregoire.jpg,0
0,LEE,ÉGALITÉ ET ÉQUITÉ,4,1431,10606,113,MONSHENGWO Jessica,MONSHENGWO_Jessica.jpg,1
0,LEE,ÉGALITÉ ET ÉQUITÉ,5,1420,10612,113,REGAMEY Murielle,REGAMEY_Murielle.jpg,1
0,LEE,ÉGALITÉ ET ÉQUITÉ,6,1404,10603,113,ROSSELLAT Blaise,ROSSELLAT_Blaise.jpg,0
0,LEE,ÉGALITÉ ET ÉQUITÉ,7,1347,10608,113,FRAUDEAU Delphine,FRAUDEAU_Delphine.jpg,1
0,LEE,ÉGALITÉ ET ÉQUITÉ,8,1341,10607,113,LOPEZ Julien,LOPEZ_Julien.jpg,0
0,LEE,ÉGALITÉ ET ÉQUITÉ,9,1325,10602,113,SCHELLER Gérard,SCHELLER_Gerard.jpg,0
0,LEE,ÉGALITÉ ET ÉQUITÉ,10,1321,10610,113,GOLAY Séverine,GOLAY_Severine.jpg,1
0,LEE,ÉGALITÉ ET ÉQUITÉ,11,1295,10601,113,FOUDA AMOUGOU Charlotte,FOUDA_AMOUGOU_Charlotte.jpg,1
0,LEE,ÉGALITÉ ET ÉQUITÉ,12,1262,10611,113,JORDAN Claude,JORDAN_Claude.jpg,0
0,LPG,LA LISTE POUR GENÈVE,3,1240,10452,108,ARMAND Catherine,ARMAND_Catherine.jpg,1
0,LEE,ÉGALITÉ ET ÉQUITÉ,13,1176,10609,113,ABESSE Hayet,ABESSE_Hayet.jpg,1
0,LEE,ÉGALITÉ ET ÉQUITÉ,14,1159,10605,113,BULT Christoph,BULT_Christoph.jpg,0
0,LEE,ÉGALITÉ ET ÉQUITÉ,15,1153,10604,113,DACHROUNE Samir,DACHROUNE_Samir.jpg,0
0,LPG,LA LISTE POUR GENÈVE,4,1124,10459,108,PERRIN Brigitte,PERRIN_Brigitte.jpg,1
0,LPG,LA LISTE POUR GENÈVE,5,1082,10453,108,GUEX Stéphane (dit Guex-Pierre),GUEX_Stephane.jpg,0
0,PBD,PBD GENÈVE,2,1006,10467,110,LEITNER André,LEITNER_Andre.jpg,0
0,LPG,LA LISTE POUR GENÈVE,6,989,10454,108,HUMBERSET Corinne,HUMBERSET_Corinne.jpg,1
0,LPG,LA LISTE POUR GENÈVE,7,988,10455,108,RUCKTERSTUHL Jean-Claude,RUCKTERSTUHL_Jean-Claude.jpg,0
0,LPG,LA LISTE POUR GENÈVE,8,973,10461,108,MEYNET Danielle,MEYNET_Danielle.jpg,1
0,PBD,PBD GENÈVE,3,965,10471,110,VIDONNE Valérie,VIDONNE_Valerie.jpg,1
0,PBD,PBD GENÈVE,4,931,10476,110,VIDONNE David,VIDONNE_David.jpg,0
0,LPG,LA LISTE POUR GENÈVE,9,905,10456,108,LONGO Katrin,LONGO_Katrin.jpg,1
0,LPG,LA LISTE POUR GENÈVE,10,903,10621,108,GIROD Nicolas,GIROD_Nicolas.jpg,0
0,LPG,LA LISTE POUR GENÈVE,11,902,10458,108,FLAKS Joël,FLAKS_Joel.jpg,0
0,PBD,PBD GENÈVE,5,891,10469,110,DELACQUIS Cédric,DELACQUIS_Cedric.jpg,0
0,LPG,LA LISTE POUR GENÈVE,12,875,10462,108,MEYNET Leon,MEYNET_Leon.jpg,0
0,PBD,PBD GENÈVE,6,873,10470,110,ZAGATO Sophie,ZAGATO_Sophie.jpg,1
0,LPG,LA LISTE POUR GENÈVE,13,817,10460,108,GOUDAL Renaud,GOUDAL_Renaud.jpg,0
0,LPG,LA LISTE POUR GENÈVE,14,816,10457,108,KÜDERLI BERKANE Nicole,KUDERLI_BERKANE_Nicole.jpg,1
0,LPG,LA LISTE POUR GENÈVE,15,791,10464,108,ZIMMERMANN Olivier,ZIMMERMANN_Olivier.jpg,0
0,LPG,LA LISTE POUR GENÈVE,16,775,10465,108,CHATELAIN Dimitri,CHATELAIN_Dimitri.jpg,0
0,PBD,PBD GENÈVE,7,696,10480,110,THURNHERR Sylvain,THURNHERR_Sylvain.jpg,0
0,PBD,PBD GENÈVE,8,695,10479,110,FADER Annette (Yasuka),FADER_Annette.jpg,1
0,PBD,PBD GENÈVE,9,675,10473,110,KUNZI Nicolas,KUNZI_Nicolas.jpg,0
0,LPG,LA LISTE POUR GENÈVE,17,675,10463,108,TURNOWSKY Serge,TURNOWSKY_Serge.jpg,0
0,PBD,PBD GENÈVE,10,645,10475,110,THURNHERR Laurent,THURNHERR_Laurent.jpg,0
0,PBD,PBD GENÈVE,11,643,10474,110,KUGEL Mark,KUGEL_Mark.jpg,0
0,PBD,PBD GENÈVE,12,635,10478,110,KUNZI Philippe,KUNZI_Philippe.jpg,0
0,PBD,PBD GENÈVE,13,605,10481,110,BEUREUX Johan,BEUREUX_Johan.jpg,0
0,PBD,PBD GENÈVE,14,586,10477,110,BEUREUX Silvain,BEUREUX_Silvain.jpg,0
0,PBD,PBD GENÈVE,15,554,10472,110,FERRAND Guy,FERRAND_Guy.jpg,0
